run_at,commit,model,split,n,mae,rmae
2026-09-28T13:34:33Z,90e57fb,naive,valid,8759,33.644265327092135,1.0
2026-09-28T13:34:33Z,90e57fb,linear,valid,8759,17.89077726047672,0.5317630534220679
2026-09-28T13:34:33Z,90e57fb,gbm,valid,8759,16.42828617061671,0.48829380017365953
2026-09-30T11:27:15Z,4c7ace0,naive,test,17542,32.8112261999772,1.0
2026-09-30T11:27:15Z,4c7ace0,linear 2018-2022,test,17542,18.851125487028476,0.5745327947250437
2026-09-30T11:27:15Z,4c7ace0,gbm 2018-2022,test,17542,20.580922308990527,0.6272524587637882
2026-09-30T11:27:15Z,4c7ace0,linear 2018-2023,test,17542,18.46076185187439,0.5626355363667336
2026-09-30T11:27:15Z,4c7ace0,gbm 2018-2023,test,17542,17.43948249242896,0.5315096237531373
2026-10-06T10:40:22Z,7f10d59,naive,valid,8759,33.64953990181527,1.0
2026-10-06T10:40:22Z,7f10d59,linear,valid,8759,17.895028225617118,0.5318060299734365
2026-10-06T10:40:22Z,7f10d59,gbm,valid,8759,16.24682201525821,0.4828244921821875
2026-10-07T08:58:13Z,29023c8,naive,valid,8759,33.64953990181527,1.0
2026-10-07T08:58:13Z,29023c8,linear,valid,8759,17.895028225617118,0.5318060299734365
2026-10-07T08:58:13Z,29023c8,gbm,valid,8759,16.24682201525821,0.4828244921821875
2026-10-07T11:12:35Z,76f15f8,naive,valid,8759,33.64953990181527,1.0
2026-10-07T11:12:35Z,76f15f8,linear,valid,8759,17.895028225617118,0.5318060299734365
2026-10-07T11:12:35Z,76f15f8,gbm,valid,8759,16.24682201525821,0.4828244921821875
2026-10-07T14:32:31Z,bb7501a,naive,valid,8759,33.64953990181527,1.0
2026-10-07T14:32:31Z,bb7501a,linear,valid,8759,17.895028225617118,0.5318060299734365
2026-10-07T14:32:31Z,bb7501a,gbm,valid,8759,16.24682201525821,0.4828244921821875
2026-10-07T14:32:39Z,bb7501a,naive,valid,8759,33.64953990181527,1.0
2026-10-07T14:32:39Z,bb7501a,linear,valid,8759,17.678833980579775,0.5253811502969783
2026-10-07T14:32:39Z,bb7501a,gbm,valid,8759,14.696867706244177,0.43676281307642295
2026-10-07T14:36:34Z,bb7501a,naive,valid,8759,33.64953990181527,1.0
2026-10-07T14:36:34Z,bb7501a,linear,valid,8759,17.608736756637217,0.52329799480222
2026-10-07T14:36:34Z,bb7501a,gbm,valid,8759,14.465994830037475,0.4299017125419028
